City,Year,Grantee,bridge to housing network,emergency shelter,family reunification program,flexible funds,food and nutrition,homeless services,homelessness prevention,homeshare program,housing assistance,housing navigation services,housing stability services,motel voucher,neighborhood revitalization services,opening doors program,outreach,project h.o.p.e.,rapid re housing,rental assistance,restrooms,safe parking,service center,staff and operations,take back the streets,transitional housing,work for hope,Total PEH,Unsheltered PEH,Population,"PEH Per 100,000","Unsheltered Per 100,000"
Carlsbad,2017,Women's Resource Center,0.0,14896.0,0.0,0.0,0.0,0.0,0.0,0.0,0.0,0.0,0.0,0.0,0.0,0.0,0.0,0.0,0.0,0.0,0.0,0.0,0.0,0.0,0.0,0.0,0.0,210,152,115518,181.7898509,131.5812254
Carlsbad,2018,Urban Corps,0.0,0.0,0.0,0.0,0.0,0.0,0.0,0.0,40611.0,0.0,0.0,0.0,99000.0,0.0,0.0,0.0,0.0,0.0,0.0,0.0,0.0,122472.0,0.0,0.0,0.0,161,102,115382,139.5364962,88.40200378
Carlsbad,2018,Legal Aid Society,0.0,0.0,0.0,0.0,0.0,0.0,0.0,0.0,40611.0,0.0,0.0,0.0,99000.0,0.0,0.0,0.0,0.0,0.0,0.0,0.0,0.0,122472.0,0.0,0.0,0.0,161,102,115382,139.5364962,88.40200378
Carlsbad,2018,Interfaith Community Services,0.0,0.0,0.0,0.0,0.0,0.0,0.0,0.0,40611.0,0.0,0.0,0.0,99000.0,0.0,0.0,0.0,0.0,0.0,0.0,0.0,0.0,122472.0,0.0,0.0,0.0,161,102,115382,139.5364962,88.40200378
Carlsbad,2019,Women's Resource Center,0.0,0.0,0.0,0.0,0.0,20000.0,0.0,0.0,52680.0,0.0,0.0,0.0,116500.0,0.0,0.0,0.0,0.0,0.0,0.0,0.0,0.0,122472.0,0.0,0.0,0.0,148,94,114747,128.9794069,81.91935301
Carlsbad,2019,Urban Corps,0.0,0.0,0.0,0.0,0.0,20000.0,0.0,0.0,52680.0,0.0,0.0,0.0,116500.0,0.0,0.0,0.0,0.0,0.0,0.0,0.0,0.0,122472.0,0.0,0.0,0.0,148,94,114747,128.9794069,81.91935301
Carlsbad,2019,Meals on Wheels,0.0,0.0,0.0,0.0,0.0,20000.0,0.0,0.0,52680.0,0.0,0.0,0.0,116500.0,0.0,0.0,0.0,0.0,0.0,0.0,0.0,0.0,122472.0,0.0,0.0,0.0,148,94,114747,128.9794069,81.91935301
Carlsbad,2019,Legal Aid Society,0.0,0.0,0.0,0.0,0.0,20000.0,0.0,0.0,52680.0,0.0,0.0,0.0,116500.0,0.0,0.0,0.0,0.0,0.0,0.0,0.0,0.0,122472.0,0.0,0.0,0.0,148,94,114747,128.9794069,81.91935301
Carlsbad,2019,Interfaith Community Services,0.0,0.0,0.0,0.0,0.0,20000.0,0.0,0.0,52680.0,0.0,0.0,0.0,116500.0,0.0,0.0,0.0,0.0,0.0,0.0,0.0,0.0,122472.0,0.0,0.0,0.0,148,94,114747,128.9794069,81.91935301
Carlsbad,2021,Interfaith Community Services,0.0,52574.0,0.0,0.0,0.0,419583.25,0.0,0.0,56775.0,0.0,0.0,12781.16,99510.0,0.0,1989211.47,0.0,350000.0,41211.0,125000.0,0.0,204217.0,40000.0,0.0,0.0,0.0,118,75,114160,103.3637001,65.69726699
Carlsbad,2021,Community Resource Center,0.0,52574.0,0.0,0.0,0.0,419583.25,0.0,0.0,56775.0,0.0,0.0,12781.16,99510.0,0.0,1989211.47,0.0,350000.0,41211.0,125000.0,0.0,204217.0,40000.0,0.0,0.0,0.0,118,75,114160,103.3637001,65.69726699
Carlsbad,2021,Alliance for Regional Solutions,0.0,52574.0,0.0,0.0,0.0,419583.25,0.0,0.0,56775.0,0.0,0.0,12781.16,99510.0,0.0,1989211.47,0.0,350000.0,41211.0,125000.0,0.0,204217.0,40000.0,0.0,0.0,0.0,118,75,114160,103.3637001,65.69726699
Carlsbad,2021,San Diego Urban Corps,0.0,52574.0,0.0,0.0,0.0,419583.25,0.0,0.0,56775.0,0.0,0.0,12781.16,99510.0,0.0,1989211.47,0.0,350000.0,41211.0,125000.0,0.0,204217.0,40000.0,0.0,0.0,0.0,118,75,114160,103.3637001,65.69726699
Carlsbad,2021,San Diego Humane Society,0.0,52574.0,0.0,0.0,0.0,419583.25,0.0,0.0,56775.0,0.0,0.0,12781.16,99510.0,0.0,1989211.47,0.0,350000.0,41211.0,125000.0,0.0,204217.0,40000.0,0.0,0.0,0.0,118,75,114160,103.3637001,65.69726699
Carlsbad,2021,Rocket Johns,0.0,52574.0,0.0,0.0,0.0,419583.25,0.0,0.0,56775.0,0.0,0.0,12781.16,99510.0,0.0,1989211.47,0.0,350000.0,41211.0,125000.0,0.0,204217.0,40000.0,0.0,0.0,0.0,118,75,114160,103.3637001,65.69726699
Carlsbad,2021,Brother Benno's,0.0,52574.0,0.0,0.0,0.0,419583.25,0.0,0.0,56775.0,0.0,0.0,12781.16,99510.0,0.0,1989211.47,0.0,350000.0,41211.0,125000.0,0.0,204217.0,40000.0,0.0,0.0,0.0,118,75,114160,103.3637001,65.69726699
Carlsbad,2021,Catholic Charities,0.0,52574.0,0.0,0.0,0.0,419583.25,0.0,0.0,56775.0,0.0,0.0,12781.16,99510.0,0.0,1989211.47,0.0,350000.0,41211.0,125000.0,0.0,204217.0,40000.0,0.0,0.0,0.0,118,75,114160,103.3637001,65.69726699
Carlsbad,2021,Legal Aid Society,0.0,52574.0,0.0,0.0,0.0,419583.25,0.0,0.0,56775.0,0.0,0.0,12781.16,99510.0,0.0,1989211.47,0.0,350000.0,41211.0,125000.0,0.0,204217.0,40000.0,0.0,0.0,0.0,118,75,114160,103.3637001,65.69726699
Carlsbad,2021,Women's Resource Center,0.0,52574.0,0.0,0.0,0.0,419583.25,0.0,0.0,56775.0,0.0,0.0,12781.16,99510.0,0.0,1989211.47,0.0,350000.0,41211.0,125000.0,0.0,204217.0,40000.0,0.0,0.0,0.0,118,75,114160,103.3637001,65.69726699
Carlsbad,2021,City of Carlsbad,0.0,52574.0,0.0,0.0,0.0,419583.25,0.0,0.0,56775.0,0.0,0.0,12781.16,99510.0,0.0,1989211.47,0.0,350000.0,41211.0,125000.0,0.0,204217.0,40000.0,0.0,0.0,0.0,118,75,114160,103.3637001,65.69726699
Carlsbad,2021,Urban Corps,0.0,52574.0,0.0,0.0,0.0,419583.25,0.0,0.0,56775.0,0.0,0.0,12781.16,99510.0,0.0,1989211.47,0.0,350000.0,41211.0,125000.0,0.0,204217.0,40000.0,0.0,0.0,0.0,118,75,114160,103.3637001,65.69726699
Carlsbad,2022,Interfaith Community Services,0.0,202698.0,0.0,0.0,0.0,29825.0,0.0,0.0,33073.0,0.0,0.0,0.0,90623.5,0.0,315000.0,0.0,350000.0,42396.0,25000.0,0.0,204217.0,180000.0,0.0,0.0,0.0,103,60,113792,90.51602925,52.72778403
Carlsbad,2022,Community Resource Center,0.0,202698.0,0.0,0.0,0.0,29825.0,0.0,0.0,33073.0,0.0,0.0,0.0,90623.5,0.0,315000.0,0.0,350000.0,42396.0,25000.0,0.0,204217.0,180000.0,0.0,0.0,0.0,103,60,113792,90.51602925,52.72778403
Carlsbad,2022,Catholic Charities,0.0,202698.0,0.0,0.0,0.0,29825.0,0.0,0.0,33073.0,0.0,0.0,0.0,90623.5,0.0,315000.0,0.0,350000.0,42396.0,25000.0,0.0,204217.0,180000.0,0.0,0.0,0.0,103,60,113792,90.51602925,52.72778403
Carlsbad,2022,Alliance for Regional Solutions,0.0,202698.0,0.0,0.0,0.0,29825.0,0.0,0.0,33073.0,0.0,0.0,0.0,90623.5,0.0,315000.0,0.0,350000.0,42396.0,25000.0,0.0,204217.0,180000.0,0.0,0.0,0.0,103,60,113792,90.51602925,52.72778403
Carlsbad,2022,San Diego Urban Corps,0.0,202698.0,0.0,0.0,0.0,29825.0,0.0,0.0,33073.0,0.0,0.0,0.0,90623.5,0.0,315000.0,0.0,350000.0,42396.0,25000.0,0.0,204217.0,180000.0,0.0,0.0,0.0,103,60,113792,90.51602925,52.72778403
Carlsbad,2022,San Diego Humane Society,0.0,202698.0,0.0,0.0,0.0,29825.0,0.0,0.0,33073.0,0.0,0.0,0.0,90623.5,0.0,315000.0,0.0,350000.0,42396.0,25000.0,0.0,204217.0,180000.0,0.0,0.0,0.0,103,60,113792,90.51602925,52.72778403
Carlsbad,2022,Rocket Johns,0.0,202698.0,0.0,0.0,0.0,29825.0,0.0,0.0,33073.0,0.0,0.0,0.0,90623.5,0.0,315000.0,0.0,350000.0,42396.0,25000.0,0.0,204217.0,180000.0,0.0,0.0,0.0,103,60,113792,90.51602925,52.72778403
Carlsbad,2022,Brother Benno's,0.0,202698.0,0.0,0.0,0.0,29825.0,0.0,0.0,33073.0,0.0,0.0,0.0,90623.5,0.0,315000.0,0.0,350000.0,42396.0,25000.0,0.0,204217.0,180000.0,0.0,0.0,0.0,103,60,113792,90.51602925,52.72778403
Carlsbad,2022,Legal Aid Society,0.0,202698.0,0.0,0.0,0.0,29825.0,0.0,0.0,33073.0,0.0,0.0,0.0,90623.5,0.0,315000.0,0.0,350000.0,42396.0,25000.0,0.0,204217.0,180000.0,0.0,0.0,0.0,103,60,113792,90.51602925,52.72778403
Carlsbad,2022,Women's Resource Center,0.0,202698.0,0.0,0.0,0.0,29825.0,0.0,0.0,33073.0,0.0,0.0,0.0,90623.5,0.0,315000.0,0.0,350000.0,42396.0,25000.0,0.0,204217.0,180000.0,0.0,0.0,0.0,103,60,113792,90.51602925,52.72778403
Chula Vista,2017,SBCS CORPORATION,0.0,3943.0,0.0,0.0,0.0,552.0,0.0,0.0,0.0,0.0,0.0,3671.7,0.0,0.0,0.0,0.0,0.0,118791.52,0.0,0.0,0.0,0.0,0.0,0.0,0.0,337,229,270819,124.4373548,84.55832124
Chula Vista,2017,INTERFAITH SHELTER NETWORK,0.0,3943.0,0.0,0.0,0.0,552.0,0.0,0.0,0.0,0.0,0.0,3671.7,0.0,0.0,0.0,0.0,0.0,118791.52,0.0,0.0,0.0,0.0,0.0,0.0,0.0,337,229,270819,124.4373548,84.55832124
Chula Vista,2018,INTERFAITH SHELTER NETWORK,0.0,18057.0,0.0,0.0,0.0,78548.0,0.0,0.0,0.0,0.0,0.0,54890.98,0.0,0.0,0.0,0.0,217926.0,208311.42,0.0,0.0,0.0,0.0,0.0,0.0,0.0,321,242,274492,116.9432989,88.16286085
Chula Vista,2018,SBCS CORPORATION,0.0,18057.0,0.0,0.0,0.0,78548.0,0.0,0.0,0.0,0.0,0.0,54890.98,0.0,0.0,0.0,0.0,217926.0,208311.42,0.0,0.0,0.0,0.0,0.0,0.0,0.0,321,242,274492,116.9432989,88.16286085
Chula Vista,2019,INTERFAITH SHELTER NETWORK,0.0,22000.0,0.0,0.0,0.0,91398.0,0.0,0.0,0.0,0.0,0.0,105056.12,0.0,0.0,0.0,12500.0,184040.78,429976.02,0.0,0.0,0.0,0.0,0.0,0.0,0.0,313,212,276041,113.3889531,76.80018548
Chula Vista,2019,SBCS CORPORATION,0.0,22000.0,0.0,0.0,0.0,91398.0,0.0,0.0,0.0,0.0,0.0,105056.12,0.0,0.0,0.0,12500.0,184040.78,429976.02,0.0,0.0,0.0,0.0,0.0,0.0,0.0,313,212,276041,113.3889531,76.80018548
Chula Vista,2019,COMMUNITY THROUGH HOPE,0.0,22000.0,0.0,0.0,0.0,91398.0,0.0,0.0,0.0,0.0,0.0,105056.12,0.0,0.0,0.0,12500.0,184040.78,429976.02,0.0,0.0,0.0,0.0,0.0,0.0,0.0,313,212,276041,113.3889531,76.80018548
Chula Vista,2019,ONE TIME VENDOR,0.0,22000.0,0.0,0.0,0.0,91398.0,0.0,0.0,0.0,0.0,0.0,105056.12,0.0,0.0,0.0,12500.0,184040.78,429976.02,0.0,0.0,0.0,0.0,0.0,0.0,0.0,313,212,276041,113.3889531,76.80018548
Chula Vista,2021,KIKU GARDENS,0.0,30000.0,0.0,0.0,0.0,111454.0,0.0,0.0,0.0,0.0,0.0,45003.44,0.0,0.0,0.0,0.0,52986.0,63728.0,0.0,0.0,0.0,0.0,200000.0,0.0,53671.56,309,206,279170,110.6852455,73.7901637
Chula Vista,2021,ONE TIME VENDOR,0.0,30000.0,0.0,0.0,0.0,111454.0,0.0,0.0,0.0,0.0,0.0,45003.44,0.0,0.0,0.0,0.0,52986.0,63728.0,0.0,0.0,0.0,0.0,200000.0,0.0,53671.56,309,206,279170,110.6852455,73.7901637
Chula Vista,2021,ALPHA PROJECT FOR THE HOMELESS,0.0,30000.0,0.0,0.0,0.0,111454.0,0.0,0.0,0.0,0.0,0.0,45003.44,0.0,0.0,0.0,0.0,52986.0,63728.0,0.0,0.0,0.0,0.0,200000.0,0.0,53671.56,309,206,279170,110.6852455,73.7901637
Chula Vista,2021,INTERFAITH SHELTER NETWORK,0.0,30000.0,0.0,0.0,0.0,111454.0,0.0,0.0,0.0,0.0,0.0,45003.44,0.0,0.0,0.0,0.0,52986.0,63728.0,0.0,0.0,0.0,0.0,200000.0,0.0,53671.56,309,206,279170,110.6852455,73.7901637
Chula Vista,2021,SBCS CORPORATION,0.0,30000.0,0.0,0.0,0.0,111454.0,0.0,0.0,0.0,0.0,0.0,45003.44,0.0,0.0,0.0,0.0,52986.0,63728.0,0.0,0.0,0.0,0.0,200000.0,0.0,53671.56,309,206,279170,110.6852455,73.7901637
Chula Vista,2021,"MCALISTER INSTITUTE FOR TREATMENT & EDUCATION, INC",0.0,30000.0,0.0,0.0,0.0,111454.0,0.0,0.0,0.0,0.0,0.0,45003.44,0.0,0.0,0.0,0.0,52986.0,63728.0,0.0,0.0,0.0,0.0,200000.0,0.0,53671.56,309,206,279170,110.6852455,73.7901637
Chula Vista,2021,"MARK II, LP",0.0,30000.0,0.0,0.0,0.0,111454.0,0.0,0.0,0.0,0.0,0.0,45003.44,0.0,0.0,0.0,0.0,52986.0,63728.0,0.0,0.0,0.0,0.0,200000.0,0.0,53671.56,309,206,279170,110.6852455,73.7901637
Coronado,2021,St. Vincent de Paul Village,0.0,0.0,0.0,0.0,0.0,0.0,0.0,0.0,0.0,0.0,0.0,0.0,0.0,0.0,0.0,0.0,0.0,0.0,0.0,0.0,0.0,0.0,0.0,95680.33,0.0,1,1,18702,5.347021709,5.347021709
Coronado,2022,St. Vincent de Paul Village,0.0,0.0,0.0,0.0,0.0,0.0,0.0,0.0,0.0,0.0,0.0,0.0,0.0,0.0,0.0,0.0,0.0,0.0,0.0,0.0,0.0,0.0,0.0,95680.33,0.0,1,1,18985,5.267316302,5.267316302
Coronado,2023,St. Vincent de Paul Village,0.0,0.0,0.0,0.0,0.0,0.0,0.0,0.0,0.0,0.0,0.0,0.0,0.0,0.0,0.0,0.0,0.0,0.0,0.0,0.0,0.0,0.0,0.0,95680.33,0.0,0,0,19268,0.0,0.0
El Cajon,2014,East County Transitional Living Center,0.0,150000.0,0.0,0.0,0.0,0.0,0.0,0.0,0.0,0.0,0.0,0.0,0.0,0.0,0.0,0.0,0.0,0.0,0.0,0.0,0.0,0.0,0.0,0.0,0.0,711,191,103230,688.7532694,185.0237334
El Cajon,2015,East County Transitional Living Center,0.0,240000.0,0.0,0.0,0.0,0.0,0.0,0.0,0.0,0.0,0.0,0.0,0.0,0.0,0.0,0.0,0.0,0.0,0.0,0.0,0.0,0.0,0.0,0.0,0.0,321,218,103527,310.0640413,210.5730872
El Cajon,2016,Crisis House,0.0,216456.0,0.0,0.0,0.0,0.0,0.0,0.0,0.0,15398.0,0.0,0.0,0.0,0.0,0.0,0.0,0.0,0.0,0.0,0.0,0.0,0.0,0.0,0.0,0.0,453,323,103486,437.7403707,312.1195138
El Cajon,2016,East County Transitional Living Center,0.0,216456.0,0.0,0.0,0.0,0.0,0.0,0.0,0.0,15398.0,0.0,0.0,0.0,0.0,0.0,0.0,0.0,0.0,0.0,0.0,0.0,0.0,0.0,0.0,0.0,453,323,103486,437.7403707,312.1195138
El Cajon,2016,Interfaith Community Services,0.0,216456.0,0.0,0.0,0.0,0.0,0.0,0.0,0.0,15398.0,0.0,0.0,0.0,0.0,0.0,0.0,0.0,0.0,0.0,0.0,0.0,0.0,0.0,0.0,0.0,453,323,103486,437.7403707,312.1195138
El Cajon,2017,East County Transitional Living Center,0.0,220000.0,0.0,0.0,0.0,0.0,0.0,0.0,0.0,0.0,0.0,0.0,0.0,0.0,0.0,0.0,0.0,0.0,0.0,0.0,0.0,0.0,0.0,0.0,0.0,679,288,103041,658.9609961,279.500393
El Cajon,2017,Interfaith Community Services,0.0,220000.0,0.0,0.0,0.0,0.0,0.0,0.0,0.0,0.0,0.0,0.0,0.0,0.0,0.0,0.0,0.0,0.0,0.0,0.0,0.0,0.0,0.0,0.0,0.0,679,288,103041,658.9609961,279.500393
El Cajon,2018,Interfaith Community Services,0.0,20000.0,0.0,0.0,0.0,0.0,0.0,0.0,0.0,0.0,0.0,0.0,0.0,0.0,0.0,0.0,0.0,0.0,0.0,0.0,0.0,0.0,0.0,0.0,0.0,787,298,102708,766.2499513,290.1429295
El Cajon,2019,Crisis House,0.0,1549337.7,10000.0,0.0,0.0,0.0,0.0,0.0,1400000.0,0.0,0.0,0.0,0.0,0.0,0.0,0.0,0.0,0.0,0.0,0.0,0.0,0.0,0.0,0.0,0.0,784,310,106126,738.7445112,292.1056103
El Cajon,2019,East County Transitional Living Center,0.0,1549337.7,10000.0,0.0,0.0,0.0,0.0,0.0,1400000.0,0.0,0.0,0.0,0.0,0.0,0.0,0.0,0.0,0.0,0.0,0.0,0.0,0.0,0.0,0.0,0.0,784,310,106126,738.7445112,292.1056103
El Cajon,2019,Home Start,0.0,1549337.7,10000.0,0.0,0.0,0.0,0.0,0.0,1400000.0,0.0,0.0,0.0,0.0,0.0,0.0,0.0,0.0,0.0,0.0,0.0,0.0,0.0,0.0,0.0,0.0,784,310,106126,738.7445112,292.1056103
El Cajon,2019,Interfaith Community Services,0.0,1549337.7,10000.0,0.0,0.0,0.0,0.0,0.0,1400000.0,0.0,0.0,0.0,0.0,0.0,0.0,0.0,0.0,0.0,0.0,0.0,0.0,0.0,0.0,0.0,0.0,784,310,106126,738.7445112,292.1056103
El Cajon,2019,The Salvation Army,0.0,1549337.7,10000.0,0.0,0.0,0.0,0.0,0.0,1400000.0,0.0,0.0,0.0,0.0,0.0,0.0,0.0,0.0,0.0,0.0,0.0,0.0,0.0,0.0,0.0,0.0,784,310,106126,738.7445112,292.1056103
El Cajon,2021,East County Transitional Living Center,0.0,221786.0,40000.0,0.0,0.0,0.0,0.0,0.0,0.0,0.0,0.0,0.0,0.0,0.0,0.0,0.0,0.0,0.0,0.0,0.0,0.0,0.0,0.0,0.0,0.0,1308,185,104414,1252.705576,177.1793055
El Cajon,2021,Interfaith Community Services,0.0,221786.0,40000.0,0.0,0.0,0.0,0.0,0.0,0.0,0.0,0.0,0.0,0.0,0.0,0.0,0.0,0.0,0.0,0.0,0.0,0.0,0.0,0.0,0.0,0.0,1308,185,104414,1252.705576,177.1793055
El Cajon,2021,The Salvation Army,0.0,221786.0,40000.0,0.0,0.0,0.0,0.0,0.0,0.0,0.0,0.0,0.0,0.0,0.0,0.0,0.0,0.0,0.0,0.0,0.0,0.0,0.0,0.0,0.0,0.0,1308,185,104414,1252.705576,177.1793055
El Cajon,2022,Home Start,0.0,0.0,0.0,0.0,0.0,0.0,0.0,0.0,0.0,0.0,0.0,0.0,0.0,0.0,310000.0,0.0,0.0,0.0,0.0,0.0,0.0,0.0,0.0,0.0,0.0,1360,203,103558,1313.273721,196.0254157
Encinitas,2018,Community Resource Center,6707.0,6707.0,0.0,0.0,0.0,0.0,13407.0,0.0,0.0,0.0,0.0,0.0,0.0,107905.0,0.0,0.0,0.0,0.0,0.0,0.0,0.0,0.0,0.0,0.0,0.0,120,79,62709,191.3600919,125.9787271
Encinitas,2018,Interfaith Community Services,6707.0,6707.0,0.0,0.0,0.0,0.0,13407.0,0.0,0.0,0.0,0.0,0.0,0.0,107905.0,0.0,0.0,0.0,0.0,0.0,0.0,0.0,0.0,0.0,0.0,0.0,120,79,62709,191.3600919,125.9787271
Encinitas,2018,Catholic Charities,6707.0,6707.0,0.0,0.0,0.0,0.0,13407.0,0.0,0.0,0.0,0.0,0.0,0.0,107905.0,0.0,0.0,0.0,0.0,0.0,0.0,0.0,0.0,0.0,0.0,0.0,120,79,62709,191.3600919,125.9787271
Encinitas,2019,Community Resource Center,20054.0,0.0,0.0,0.0,0.0,0.0,13607.0,0.0,0.0,0.0,0.0,0.0,0.0,118700.0,0.0,0.0,0.0,0.0,0.0,0.0,0.0,0.0,0.0,0.0,0.0,80,47,61988,129.0572369,75.82112667
Encinitas,2019,Interfaith Community Services,20054.0,0.0,0.0,0.0,0.0,0.0,13607.0,0.0,0.0,0.0,0.0,0.0,0.0,118700.0,0.0,0.0,0.0,0.0,0.0,0.0,0.0,0.0,0.0,0.0,0.0,80,47,61988,129.0572369,75.82112667
Encinitas,2021,CRC,50256.0,0.0,0.0,0.0,83034.0,0.0,0.0,0.0,0.0,0.0,0.0,157125.0,0.0,118700.0,0.0,0.0,0.0,0.0,0.0,278458.5,0.0,162500.0,0.0,0.0,0.0,113,76,61369,184.1320536,123.8410272
Encinitas,2021,Community Resource Center,50256.0,0.0,0.0,0.0,83034.0,0.0,0.0,0.0,0.0,0.0,0.0,157125.0,0.0,118700.0,0.0,0.0,0.0,0.0,0.0,278458.5,0.0,162500.0,0.0,0.0,0.0,113,76,61369,184.1320536,123.8410272
Encinitas,2021,McAlister Institute,50256.0,0.0,0.0,0.0,83034.0,0.0,0.0,0.0,0.0,0.0,0.0,157125.0,0.0,118700.0,0.0,0.0,0.0,0.0,0.0,278458.5,0.0,162500.0,0.0,0.0,0.0,113,76,61369,184.1320536,123.8410272
Encinitas,2021,Interfaith Community Services,50256.0,0.0,0.0,0.0,83034.0,0.0,0.0,0.0,0.0,0.0,0.0,157125.0,0.0,118700.0,0.0,0.0,0.0,0.0,0.0,278458.5,0.0,162500.0,0.0,0.0,0.0,113,76,61369,184.1320536,123.8410272
Encinitas,2021,Jewish Family Service of San Diego,50256.0,0.0,0.0,0.0,83034.0,0.0,0.0,0.0,0.0,0.0,0.0,157125.0,0.0,118700.0,0.0,0.0,0.0,0.0,0.0,278458.5,0.0,162500.0,0.0,0.0,0.0,113,76,61369,184.1320536,123.8410272
Encinitas,2022,McAlister Institute,0.0,0.0,0.0,0.0,0.0,0.0,0.0,0.0,0.0,0.0,0.0,0.0,0.0,0.0,0.0,0.0,0.0,0.0,0.0,0.0,0.0,162500.0,0.0,0.0,0.0,92,73,61085,150.609806,119.5056069
Escondido,2017,Interfaith Community Services,0.0,43000.0,0.0,0.0,0.0,0.0,192324.0,0.0,0.0,0.0,0.0,0.0,0.0,0.0,0.0,0.0,0.0,0.0,0.0,0.0,0.0,0.0,0.0,0.0,0.0,411,263,151793,270.7634739,173.2622716
Escondido,2017,Alliance for Regional Solutions,0.0,43000.0,0.0,0.0,0.0,0.0,192324.0,0.0,0.0,0.0,0.0,0.0,0.0,0.0,0.0,0.0,0.0,0.0,0.0,0.0,0.0,0.0,0.0,0.0,0.0,411,263,151793,270.7634739,173.2622716
Escondido,2018,Interfaith Community Services,0.0,45000.0,0.0,0.0,0.0,0.0,0.0,0.0,0.0,0.0,0.0,0.0,0.0,0.0,132289.0,0.0,0.0,0.0,0.0,0.0,0.0,0.0,0.0,0.0,0.0,350,241,151625,230.8326463,158.944765
Escondido,2018,Alliance for Regional Solutions,0.0,45000.0,0.0,0.0,0.0,0.0,0.0,0.0,0.0,0.0,0.0,0.0,0.0,0.0,132289.0,0.0,0.0,0.0,0.0,0.0,0.0,0.0,0.0,0.0,0.0,350,241,151625,230.8326463,158.944765
Escondido,2019,Interfaith Community Services,0.0,45000.0,0.0,0.0,0.0,0.0,0.0,0.0,0.0,0.0,0.0,0.0,0.0,0.0,276432.0,0.0,0.0,0.0,0.0,0.0,0.0,185328.0,0.0,0.0,0.0,429,264,151038,284.0344814,174.7904501
Escondido,2019,Alliance for Regional Solutions,0.0,45000.0,0.0,0.0,0.0,0.0,0.0,0.0,0.0,0.0,0.0,0.0,0.0,0.0,276432.0,0.0,0.0,0.0,0.0,0.0,0.0,185328.0,0.0,0.0,0.0,429,264,151038,284.0344814,174.7904501
Escondido,2021,Interfaith Community Services,0.0,0.0,0.0,0.0,0.0,0.0,0.0,0.0,0.0,0.0,0.0,0.0,0.0,0.0,328330.0,0.0,0.0,1250000.0,0.0,0.0,0.0,0.0,0.0,0.0,0.0,499,182,150270,332.0689426,121.1153257
La Mesa,2021,PATH,0.0,0.0,0.0,377618.0,0.0,0.0,0.0,0.0,0.0,0.0,676000.0,0.0,0.0,0.0,5403.0,0.0,0.0,0.0,0.0,0.0,0.0,0.0,0.0,0.0,0.0,53,35,60360,87.80649437,57.98542081
La Mesa,2021,Department of Housing and Community Development,0.0,0.0,0.0,377618.0,0.0,0.0,0.0,0.0,0.0,0.0,676000.0,0.0,0.0,0.0,5403.0,0.0,0.0,0.0,0.0,0.0,0.0,0.0,0.0,0.0,0.0,53,35,60360,87.80649437,57.98542081
La Mesa,2021,Home Start,0.0,0.0,0.0,377618.0,0.0,0.0,0.0,0.0,0.0,0.0,676000.0,0.0,0.0,0.0,5403.0,0.0,0.0,0.0,0.0,0.0,0.0,0.0,0.0,0.0,0.0,53,35,60360,87.80649437,57.98542081
La Mesa,2022,Home Start,0.0,0.0,0.0,0.0,0.0,0.0,0.0,0.0,0.0,574000.0,0.0,0.0,0.0,0.0,0.0,0.0,0.0,0.0,0.0,0.0,0.0,0.0,0.0,0.0,0.0,36,36,60005,59.99500042,59.99500042
Lemon Grove,2021,Home Start,0.0,0.0,0.0,0.0,0.0,0.0,0.0,0.0,0.0,0.0,0.0,0.0,0.0,0.0,19031.865,0.0,0.0,0.0,0.0,0.0,0.0,0.0,0.0,0.0,0.0,31,31,27224,113.8701146,113.8701146
National City,2017,South Bay Community Services,0.0,0.0,0.0,0.0,0.0,0.0,0.0,0.0,0.0,0.0,0.0,0.0,0.0,0.0,0.0,0.0,0.0,94073.71,0.0,0.0,0.0,0.0,0.0,0.0,0.0,233,201,61272,380.2715759,328.0454367
National City,2018,South Bay Community Services,0.0,0.0,0.0,0.0,0.0,0.0,0.0,0.0,0.0,0.0,0.0,0.0,0.0,0.0,0.0,0.0,0.0,94073.71,0.0,0.0,0.0,0.0,0.0,0.0,0.0,94,94,61394,153.1094244,153.1094244
National City,2021,McAlister Institute for Treatment and Education Inc.,0.0,0.0,0.0,0.0,0.0,0.0,0.0,0.0,0.0,0.0,0.0,0.0,0.0,0.0,0.0,0.0,0.0,182122.93,0.0,0.0,0.0,313532.0,0.0,0.0,0.0,158,149,55550,284.4284428,268.2268227
National City,2021,South Bay Community Services,0.0,0.0,0.0,0.0,0.0,0.0,0.0,0.0,0.0,0.0,0.0,0.0,0.0,0.0,0.0,0.0,0.0,182122.93,0.0,0.0,0.0,313532.0,0.0,0.0,0.0,158,149,55550,284.4284428,268.2268227
Poway,2018,Elderhelp of San Diego,0.0,0.0,0.0,0.0,0.0,0.0,0.0,0.0,0.0,0.0,0.0,0.0,0.0,0.0,16000.0,0.0,0.0,0.0,0.0,0.0,0.0,0.0,0.0,0.0,0.0,9,9,49323,18.24706526,18.24706526
Poway,2019,Elderhelp of San Diego,0.0,20000.0,0.0,0.0,0.0,0.0,0.0,0.0,0.0,0.0,0.0,0.0,0.0,0.0,16000.0,0.0,0.0,0.0,0.0,0.0,0.0,0.0,0.0,0.0,0.0,15,15,48779,30.7509379,30.7509379
Poway,2019,Interfaith Community Services,0.0,20000.0,0.0,0.0,0.0,0.0,0.0,0.0,0.0,0.0,0.0,0.0,0.0,0.0,16000.0,0.0,0.0,0.0,0.0,0.0,0.0,0.0,0.0,0.0,0.0,15,15,48779,30.7509379,30.7509379
Poway,2021,Jewish Family Services,0.0,0.0,0.0,0.0,168822.545,0.0,0.0,0.0,0.0,0.0,0.0,0.0,0.0,0.0,0.0,0.0,0.0,0.0,0.0,0.0,0.0,0.0,0.0,0.0,0.0,23,23,48078,47.83892841,47.83892841
San Diego,2017,Alpha Project ,0.0,6117446.0,394000.0,0.0,0.0,0.0,0.0,0.0,0.0,0.0,0.0,0.0,0.0,0.0,0.0,0.0,189000.0,0.0,0.0,0.0,0.0,0.0,0.0,717118.0,0.0,4912,2630,1421917,345.4491366,184.9615695
San Diego,2017,Veterans Village of San Diego,0.0,6117446.0,394000.0,0.0,0.0,0.0,0.0,0.0,0.0,0.0,0.0,0.0,0.0,0.0,0.0,0.0,189000.0,0.0,0.0,0.0,0.0,0.0,0.0,717118.0,0.0,4912,2630,1421917,345.4491366,184.9615695
San Diego,2017,Father Joe's Village,0.0,6117446.0,394000.0,0.0,0.0,0.0,0.0,0.0,0.0,0.0,0.0,0.0,0.0,0.0,0.0,0.0,189000.0,0.0,0.0,0.0,0.0,0.0,0.0,717118.0,0.0,4912,2630,1421917,345.4491366,184.9615695
San Diego,2017,Downtown San Diego Partnership,0.0,6117446.0,394000.0,0.0,0.0,0.0,0.0,0.0,0.0,0.0,0.0,0.0,0.0,0.0,0.0,0.0,189000.0,0.0,0.0,0.0,0.0,0.0,0.0,717118.0,0.0,4912,2630,1421917,345.4491366,184.9615695
San Diego,2017,PATH,0.0,6117446.0,394000.0,0.0,0.0,0.0,0.0,0.0,0.0,0.0,0.0,0.0,0.0,0.0,0.0,0.0,189000.0,0.0,0.0,0.0,0.0,0.0,0.0,717118.0,0.0,4912,2630,1421917,345.4491366,184.9615695
San Diego,2018,Jewish Family Services,0.0,0.0,844000.0,0.0,0.0,0.0,0.0,0.0,0.0,0.0,0.0,0.0,0.0,0.0,0.0,0.0,239000.0,0.0,0.0,488584.0,0.0,0.0,0.0,3656326.52,0.0,5082,2600,1423851,356.9193687,182.6033763
San Diego,2018,Mental Health Systems,0.0,0.0,844000.0,0.0,0.0,0.0,0.0,0.0,0.0,0.0,0.0,0.0,0.0,0.0,0.0,0.0,239000.0,0.0,0.0,488584.0,0.0,0.0,0.0,3656326.52,0.0,5082,2600,1423851,356.9193687,182.6033763
San Diego,2018,Mental Health Systems Inc.,0.0,0.0,844000.0,0.0,0.0,0.0,0.0,0.0,0.0,0.0,0.0,0.0,0.0,0.0,0.0,0.0,239000.0,0.0,0.0,488584.0,0.0,0.0,0.0,3656326.52,0.0,5082,2600,1423851,356.9193687,182.6033763
San Diego,2018,Think Dignity,0.0,0.0,844000.0,0.0,0.0,0.0,0.0,0.0,0.0,0.0,0.0,0.0,0.0,0.0,0.0,0.0,239000.0,0.0,0.0,488584.0,0.0,0.0,0.0,3656326.52,0.0,5082,2600,1423851,356.9193687,182.6033763
San Diego,2018,Downtown San Diego Partnership,0.0,0.0,844000.0,0.0,0.0,0.0,0.0,0.0,0.0,0.0,0.0,0.0,0.0,0.0,0.0,0.0,239000.0,0.0,0.0,488584.0,0.0,0.0,0.0,3656326.52,0.0,5082,2600,1423851,356.9193687,182.6033763
San Diego,2018,PATH,0.0,0.0,844000.0,0.0,0.0,0.0,0.0,0.0,0.0,0.0,0.0,0.0,0.0,0.0,0.0,0.0,239000.0,0.0,0.0,488584.0,0.0,0.0,0.0,3656326.52,0.0,5082,2600,1423851,356.9193687,182.6033763
San Diego,2019,Jewish Family Services,0.0,15693598.76,844000.0,0.0,0.0,0.0,0.0,0.0,232309.0,1850000.0,0.0,0.0,0.0,0.0,0.0,0.0,2974147.0,0.0,0.0,956291.0,0.0,0.0,0.0,4801341.54,0.0,4870,2283,1386872,352.3757059,164.6150474
San Diego,2019,Downtown San Diego Partnershup,0.0,15693598.76,844000.0,0.0,0.0,0.0,0.0,0.0,232309.0,1850000.0,0.0,0.0,0.0,0.0,0.0,0.0,2974147.0,0.0,0.0,956291.0,0.0,0.0,0.0,4801341.54,0.0,4870,2283,1386872,352.3757059,164.6150474
San Diego,2019,Think Dignity,0.0,15693598.76,844000.0,0.0,0.0,0.0,0.0,0.0,232309.0,1850000.0,0.0,0.0,0.0,0.0,0.0,0.0,2974147.0,0.0,0.0,956291.0,0.0,0.0,0.0,4801341.54,0.0,4870,2283,1386872,352.3757059,164.6150474
San Diego,2019,Home Start,0.0,15693598.76,844000.0,0.0,0.0,0.0,0.0,0.0,232309.0,1850000.0,0.0,0.0,0.0,0.0,0.0,0.0,2974147.0,0.0,0.0,956291.0,0.0,0.0,0.0,4801341.54,0.0,4870,2283,1386872,352.3757059,164.6150474
San Diego,2019,PATH,0.0,15693598.76,844000.0,0.0,0.0,0.0,0.0,0.0,232309.0,1850000.0,0.0,0.0,0.0,0.0,0.0,0.0,2974147.0,0.0,0.0,956291.0,0.0,0.0,0.0,4801341.54,0.0,4870,2283,1386872,352.3757059,164.6150474
San Diego,2019,The Salvation Army,0.0,15693598.76,844000.0,0.0,0.0,0.0,0.0,0.0,232309.0,1850000.0,0.0,0.0,0.0,0.0,0.0,0.0,2974147.0,0.0,0.0,956291.0,0.0,0.0,0.0,4801341.54,0.0,4870,2283,1386872,352.3757059,164.6150474
San Diego,2019,Alpha Project ,0.0,15693598.76,844000.0,0.0,0.0,0.0,0.0,0.0,232309.0,1850000.0,0.0,0.0,0.0,0.0,0.0,0.0,2974147.0,0.0,0.0,956291.0,0.0,0.0,0.0,4801341.54,0.0,4870,2283,1386872,352.3757059,164.6150474
San Diego,2019,Veterans Village of San Diego,0.0,15693598.76,844000.0,0.0,0.0,0.0,0.0,0.0,232309.0,1850000.0,0.0,0.0,0.0,0.0,0.0,0.0,2974147.0,0.0,0.0,956291.0,0.0,0.0,0.0,4801341.54,0.0,4870,2283,1386872,352.3757059,164.6150474
San Diego,2019,Father Joe's Village,0.0,15693598.76,844000.0,0.0,0.0,0.0,0.0,0.0,232309.0,1850000.0,0.0,0.0,0.0,0.0,0.0,0.0,2974147.0,0.0,0.0,956291.0,0.0,0.0,0.0,4801341.54,0.0,4870,2283,1386872,352.3757059,164.6150474
San Diego,2019,Mental Health Systems,0.0,15693598.76,844000.0,0.0,0.0,0.0,0.0,0.0,232309.0,1850000.0,0.0,0.0,0.0,0.0,0.0,0.0,2974147.0,0.0,0.0,956291.0,0.0,0.0,0.0,4801341.54,0.0,4870,2283,1386872,352.3757059,164.6150474
San Diego,2019,Salvation Army of San Diego,0.0,15693598.76,844000.0,0.0,0.0,0.0,0.0,0.0,232309.0,1850000.0,0.0,0.0,0.0,0.0,0.0,0.0,2974147.0,0.0,0.0,956291.0,0.0,0.0,0.0,4801341.54,0.0,4870,2283,1386872,352.3757059,164.6150474
San Diego,2019,Mental Health Systems Inc.,0.0,15693598.76,844000.0,0.0,0.0,0.0,0.0,0.0,232309.0,1850000.0,0.0,0.0,0.0,0.0,0.0,0.0,2974147.0,0.0,0.0,956291.0,0.0,0.0,0.0,4801341.54,0.0,4870,2283,1386872,352.3757059,164.6150474
San Diego,2019,Alpha Project for the Homeless,0.0,15693598.76,844000.0,0.0,0.0,0.0,0.0,0.0,232309.0,1850000.0,0.0,0.0,0.0,0.0,0.0,0.0,2974147.0,0.0,0.0,956291.0,0.0,0.0,0.0,4801341.54,0.0,4870,2283,1386872,352.3757059,164.6150474
San Diego,2019,Family Health Centers of San Diego Inc.,0.0,15693598.76,844000.0,0.0,0.0,0.0,0.0,0.0,232309.0,1850000.0,0.0,0.0,0.0,0.0,0.0,0.0,2974147.0,0.0,0.0,956291.0,0.0,0.0,0.0,4801341.54,0.0,4870,2283,1386872,352.3757059,164.6150474
San Diego,2019,YMCA,0.0,15693598.76,844000.0,0.0,0.0,0.0,0.0,0.0,232309.0,1850000.0,0.0,0.0,0.0,0.0,0.0,0.0,2974147.0,0.0,0.0,956291.0,0.0,0.0,0.0,4801341.54,0.0,4870,2283,1386872,352.3757059,164.6150474
San Diego,2021,San Diego Youth Services,0.0,20048336.8,894000.0,0.0,0.0,0.0,0.0,0.0,3002187.0,0.0,0.0,0.0,0.0,0.0,2616895.3600000003,0.0,250000.0,0.0,0.0,956921.0,983751.0,74400.0,0.0,1341464.0,0.0,4801,2494,1381162,347.6058565,180.5725903
San Diego,2021,Ubran Street Angles,0.0,20048336.8,894000.0,0.0,0.0,0.0,0.0,0.0,3002187.0,0.0,0.0,0.0,0.0,0.0,2616895.3600000003,0.0,250000.0,0.0,0.0,956921.0,983751.0,74400.0,0.0,1341464.0,0.0,4801,2494,1381162,347.6058565,180.5725903
San Diego,2021,San Diego LGBT Community Center,0.0,20048336.8,894000.0,0.0,0.0,0.0,0.0,0.0,3002187.0,0.0,0.0,0.0,0.0,0.0,2616895.3600000003,0.0,250000.0,0.0,0.0,956921.0,983751.0,74400.0,0.0,1341464.0,0.0,4801,2494,1381162,347.6058565,180.5725903
San Diego,2021,Urban Street Angels,0.0,20048336.8,894000.0,0.0,0.0,0.0,0.0,0.0,3002187.0,0.0,0.0,0.0,0.0,0.0,2616895.3600000003,0.0,250000.0,0.0,0.0,956921.0,983751.0,74400.0,0.0,1341464.0,0.0,4801,2494,1381162,347.6058565,180.5725903
San Diego,2021,PATH,0.0,20048336.8,894000.0,0.0,0.0,0.0,0.0,0.0,3002187.0,0.0,0.0,0.0,0.0,0.0,2616895.3600000003,0.0,250000.0,0.0,0.0,956921.0,983751.0,74400.0,0.0,1341464.0,0.0,4801,2494,1381162,347.6058565,180.5725903
San Diego,2021,Father Joes Village,0.0,20048336.8,894000.0,0.0,0.0,0.0,0.0,0.0,3002187.0,0.0,0.0,0.0,0.0,0.0,2616895.3600000003,0.0,250000.0,0.0,0.0,956921.0,983751.0,74400.0,0.0,1341464.0,0.0,4801,2494,1381162,347.6058565,180.5725903
San Diego,2021,Jewish Family Service,0.0,20048336.8,894000.0,0.0,0.0,0.0,0.0,0.0,3002187.0,0.0,0.0,0.0,0.0,0.0,2616895.3600000003,0.0,250000.0,0.0,0.0,956921.0,983751.0,74400.0,0.0,1341464.0,0.0,4801,2494,1381162,347.6058565,180.5725903
San Diego,2021,Alpha Project for the Homeless,0.0,20048336.8,894000.0,0.0,0.0,0.0,0.0,0.0,3002187.0,0.0,0.0,0.0,0.0,0.0,2616895.3600000003,0.0,250000.0,0.0,0.0,956921.0,983751.0,74400.0,0.0,1341464.0,0.0,4801,2494,1381162,347.6058565,180.5725903
San Diego,2021,Mental Health Systems Inc.,0.0,20048336.8,894000.0,0.0,0.0,0.0,0.0,0.0,3002187.0,0.0,0.0,0.0,0.0,0.0,2616895.3600000003,0.0,250000.0,0.0,0.0,956921.0,983751.0,74400.0,0.0,1341464.0,0.0,4801,2494,1381162,347.6058565,180.5725903
San Diego,2021,Salvation Army of San Diego,0.0,20048336.8,894000.0,0.0,0.0,0.0,0.0,0.0,3002187.0,0.0,0.0,0.0,0.0,0.0,2616895.3600000003,0.0,250000.0,0.0,0.0,956921.0,983751.0,74400.0,0.0,1341464.0,0.0,4801,2494,1381162,347.6058565,180.5725903
San Diego,2021,YMCA,0.0,20048336.8,894000.0,0.0,0.0,0.0,0.0,0.0,3002187.0,0.0,0.0,0.0,0.0,0.0,2616895.3600000003,0.0,250000.0,0.0,0.0,956921.0,983751.0,74400.0,0.0,1341464.0,0.0,4801,2494,1381162,347.6058565,180.5725903
San Diego,2021,Think Dignity,0.0,20048336.8,894000.0,0.0,0.0,0.0,0.0,0.0,3002187.0,0.0,0.0,0.0,0.0,0.0,2616895.3600000003,0.0,250000.0,0.0,0.0,956921.0,983751.0,74400.0,0.0,1341464.0,0.0,4801,2494,1381162,347.6058565,180.5725903
San Diego,2021,Downtown San Diego Partnership,0.0,20048336.8,894000.0,0.0,0.0,0.0,0.0,0.0,3002187.0,0.0,0.0,0.0,0.0,0.0,2616895.3600000003,0.0,250000.0,0.0,0.0,956921.0,983751.0,74400.0,0.0,1341464.0,0.0,4801,2494,1381162,347.6058565,180.5725903
San Diego,2022,San Diego LGBT Community Center,0.0,7144448.0,0.0,0.0,0.0,0.0,0.0,0.0,0.0,0.0,0.0,0.0,0.0,0.0,0.0,0.0,0.0,0.0,0.0,0.0,733751.0,76048.0,0.0,2191144.0,0.0,6500,3285,1378307,471.5930486,238.3358715
San Diego,2022,PATH,0.0,7144448.0,0.0,0.0,0.0,0.0,0.0,0.0,0.0,0.0,0.0,0.0,0.0,0.0,0.0,0.0,0.0,0.0,0.0,0.0,733751.0,76048.0,0.0,2191144.0,0.0,6500,3285,1378307,471.5930486,238.3358715
San Diego,2022,Father Joes Village,0.0,7144448.0,0.0,0.0,0.0,0.0,0.0,0.0,0.0,0.0,0.0,0.0,0.0,0.0,0.0,0.0,0.0,0.0,0.0,0.0,733751.0,76048.0,0.0,2191144.0,0.0,6500,3285,1378307,471.5930486,238.3358715
San Diego,2022,Alpha Project for the Homeless,0.0,7144448.0,0.0,0.0,0.0,0.0,0.0,0.0,0.0,0.0,0.0,0.0,0.0,0.0,0.0,0.0,0.0,0.0,0.0,0.0,733751.0,76048.0,0.0,2191144.0,0.0,6500,3285,1378307,471.5930486,238.3358715
San Marcos,2015,North County Lifeline,0.0,0.0,0.0,0.0,0.0,0.0,0.0,0.0,21600.0,0.0,0.0,0.0,0.0,0.0,0.0,0.0,0.0,0.0,0.0,0.0,0.0,17408.0,0.0,0.0,0.0,99,44,94932,104.2851725,46.34896558
San Marcos,2015,211 San Diego,0.0,0.0,0.0,0.0,0.0,0.0,0.0,0.0,21600.0,0.0,0.0,0.0,0.0,0.0,0.0,0.0,0.0,0.0,0.0,0.0,0.0,17408.0,0.0,0.0,0.0,99,44,94932,104.2851725,46.34896558
San Marcos,2016,North County Lifeline,0.0,0.0,0.0,0.0,0.0,0.0,0.0,0.0,27600.0,0.0,0.0,0.0,0.0,0.0,0.0,0.0,0.0,0.0,0.0,0.0,0.0,23210.67,0.0,0.0,0.0,170,52,95614,177.7982304,54.38534106
San Marcos,2016,211 San Diego,0.0,0.0,0.0,0.0,0.0,0.0,0.0,0.0,27600.0,0.0,0.0,0.0,0.0,0.0,0.0,0.0,0.0,0.0,0.0,0.0,0.0,23210.67,0.0,0.0,0.0,170,52,95614,177.7982304,54.38534106
San Marcos,2017,Bread of Lift Rescue Mission,0.0,62900.0,0.0,0.0,0.0,0.0,0.0,0.0,126000.0,0.0,0.0,0.0,0.0,0.0,0.0,0.0,0.0,0.0,0.0,0.0,0.0,23210.67,0.0,0.0,0.0,62,62,96480,64.26202322,64.26202322
San Marcos,2017,Interfaith Community Services,0.0,62900.0,0.0,0.0,0.0,0.0,0.0,0.0,126000.0,0.0,0.0,0.0,0.0,0.0,0.0,0.0,0.0,0.0,0.0,0.0,0.0,23210.67,0.0,0.0,0.0,62,62,96480,64.26202322,64.26202322
San Marcos,2017,Operation Hope,0.0,62900.0,0.0,0.0,0.0,0.0,0.0,0.0,126000.0,0.0,0.0,0.0,0.0,0.0,0.0,0.0,0.0,0.0,0.0,0.0,0.0,23210.67,0.0,0.0,0.0,62,62,96480,64.26202322,64.26202322
San Marcos,2017,Solutions for Change,0.0,62900.0,0.0,0.0,0.0,0.0,0.0,0.0,126000.0,0.0,0.0,0.0,0.0,0.0,0.0,0.0,0.0,0.0,0.0,0.0,0.0,23210.67,0.0,0.0,0.0,62,62,96480,64.26202322,64.26202322
San Marcos,2017,211 San Diego,0.0,62900.0,0.0,0.0,0.0,0.0,0.0,0.0,126000.0,0.0,0.0,0.0,0.0,0.0,0.0,0.0,0.0,0.0,0.0,0.0,0.0,23210.67,0.0,0.0,0.0,62,62,96480,64.26202322,64.26202322
San Marcos,2018,Alliance for Regional Solutions,0.0,66300.0,0.0,0.0,0.0,0.0,0.0,0.0,0.0,0.0,0.0,0.0,0.0,0.0,0.0,0.0,0.0,0.0,0.0,0.0,0.0,24275.67,0.0,0.0,0.0,46,46,96664,47.58751966,47.58751966
San Marcos,2018,211 San Diego,0.0,66300.0,0.0,0.0,0.0,0.0,0.0,0.0,0.0,0.0,0.0,0.0,0.0,0.0,0.0,0.0,0.0,0.0,0.0,0.0,0.0,24275.67,0.0,0.0,0.0,46,46,96664,47.58751966,47.58751966
San Marcos,2019,Alliance for Regional Solutions,0.0,125000.0,0.0,0.0,0.0,0.0,0.0,0.0,0.0,0.0,0.0,0.0,0.0,0.0,0.0,0.0,0.0,0.0,0.0,0.0,0.0,18473.0,0.0,0.0,0.0,8,8,94833,8.435882024,8.435882024
San Marcos,2019,211 San Diego,0.0,125000.0,0.0,0.0,0.0,0.0,0.0,0.0,0.0,0.0,0.0,0.0,0.0,0.0,0.0,0.0,0.0,0.0,0.0,0.0,0.0,18473.0,0.0,0.0,0.0,8,8,94833,8.435882024,8.435882024
San Marcos,2021,Alliance for Regional Solutions,0.0,125000.0,0.0,0.0,0.0,0.0,0.0,0.0,0.0,0.0,0.0,0.0,0.0,0.0,0.0,0.0,0.0,0.0,0.0,0.0,0.0,54763.0,0.0,0.0,0.0,12,12,94854,12.65102157,12.65102157
San Marcos,2021,211 San Diego,0.0,125000.0,0.0,0.0,0.0,0.0,0.0,0.0,0.0,0.0,0.0,0.0,0.0,0.0,0.0,0.0,0.0,0.0,0.0,0.0,0.0,54763.0,0.0,0.0,0.0,12,12,94854,12.65102157,12.65102157
San Marcos,2022,Alliance for Regional Solutions,0.0,125000.0,0.0,21347.0,0.0,0.0,0.0,0.0,0.0,0.0,0.0,0.0,0.0,0.0,0.0,0.0,0.0,0.0,0.0,0.0,0.0,56792.0,0.0,0.0,0.0,2,2,94832,2.108992745,2.108992745
San Marcos,2022,211 San Diego,0.0,125000.0,0.0,21347.0,0.0,0.0,0.0,0.0,0.0,0.0,0.0,0.0,0.0,0.0,0.0,0.0,0.0,0.0,0.0,0.0,0.0,56792.0,0.0,0.0,0.0,2,2,94832,2.108992745,2.108992745
San Marcos,2022,Solutions for Change,0.0,125000.0,0.0,21347.0,0.0,0.0,0.0,0.0,0.0,0.0,0.0,0.0,0.0,0.0,0.0,0.0,0.0,0.0,0.0,0.0,0.0,56792.0,0.0,0.0,0.0,2,2,94832,2.108992745,2.108992745
Santee,2017,Crisis House,0.0,0.0,0.0,0.0,14470.0,0.0,5000.0,0.0,0.0,0.0,0.0,0.0,0.0,0.0,0.0,0.0,0.0,0.0,0.0,0.0,0.0,0.0,0.0,0.0,0.0,46,46,57944,79.38699434,79.38699434
Santee,2017,Santee Food Bank,0.0,0.0,0.0,0.0,14470.0,0.0,5000.0,0.0,0.0,0.0,0.0,0.0,0.0,0.0,0.0,0.0,0.0,0.0,0.0,0.0,0.0,0.0,0.0,0.0,0.0,46,46,57944,79.38699434,79.38699434
Santee,2018,Crisis House,0.0,0.0,0.0,0.0,14270.0,0.0,5490.0,0.0,0.0,0.0,0.0,0.0,0.0,0.0,0.0,0.0,0.0,0.0,0.0,0.0,0.0,0.0,0.0,0.0,0.0,35,35,58081,60.26067044,60.26067044
Santee,2018,Santee Food Bank,0.0,0.0,0.0,0.0,14270.0,0.0,5490.0,0.0,0.0,0.0,0.0,0.0,0.0,0.0,0.0,0.0,0.0,0.0,0.0,0.0,0.0,0.0,0.0,0.0,0.0,35,35,58081,60.26067044,60.26067044
Santee,2019,Crisis House,0.0,0.0,0.0,0.0,14050.0,0.0,5620.0,0.0,0.0,0.0,0.0,0.0,0.0,0.0,0.0,0.0,0.0,0.0,0.0,0.0,0.0,0.0,0.0,0.0,0.0,25,25,60037,41.64098806,41.64098806
Santee,2019,Santee Food Bank,0.0,0.0,0.0,0.0,14050.0,0.0,5620.0,0.0,0.0,0.0,0.0,0.0,0.0,0.0,0.0,0.0,0.0,0.0,0.0,0.0,0.0,0.0,0.0,0.0,0.0,25,25,60037,41.64098806,41.64098806
Santee,2021,East County Chamber of Commerce,0.0,0.0,0.0,5000.0,0.0,6660.0,0.0,0.0,0.0,0.0,0.0,0.0,0.0,0.0,0.0,0.0,0.0,0.0,0.0,0.0,0.0,0.0,0.0,0.0,0.0,147,48,59051,248.9373592,81.28566832
Santee,2021,Crisis House,0.0,0.0,0.0,5000.0,0.0,6660.0,0.0,0.0,0.0,0.0,0.0,0.0,0.0,0.0,0.0,0.0,0.0,0.0,0.0,0.0,0.0,0.0,0.0,0.0,0.0,147,48,59051,248.9373592,81.28566832
Vista,2018,Alpha Project ,0.0,24740.0,0.0,0.0,0.0,0.0,0.0,0.0,0.0,0.0,0.0,0.0,0.0,0.0,13607.0,0.0,0.0,0.0,0.0,0.0,0.0,0.0,0.0,0.0,0.0,296,122,101638,291.2296582,120.0338456
Vista,2018,Operation Hope,0.0,24740.0,0.0,0.0,0.0,0.0,0.0,0.0,0.0,0.0,0.0,0.0,0.0,0.0,13607.0,0.0,0.0,0.0,0.0,0.0,0.0,0.0,0.0,0.0,0.0,296,122,101638,291.2296582,120.0338456
Vista,2019,Operation Hope,0.0,26000.0,0.0,0.0,0.0,0.0,0.0,0.0,0.0,0.0,0.0,0.0,0.0,0.0,0.0,0.0,0.0,0.0,0.0,0.0,0.0,0.0,0.0,0.0,0.0,100,51,98381,101.645643,51.83927791
Vista,2021,Interfaith Community Services,0.0,251267.0,0.0,0.0,0.0,0.0,0.0,35000.0,0.0,0.0,0.0,0.0,0.0,0.0,18334.0,0.0,0.0,0.0,0.0,0.0,0.0,195700.0,0.0,0.0,0.0,117,76,97766,119.6735061,77.73663646
Vista,2021,Alpha Project ,0.0,251267.0,0.0,0.0,0.0,0.0,0.0,35000.0,0.0,0.0,0.0,0.0,0.0,0.0,18334.0,0.0,0.0,0.0,0.0,0.0,0.0,195700.0,0.0,0.0,0.0,117,76,97766,119.6735061,77.73663646
Vista,2021,North County Lifeline,0.0,251267.0,0.0,0.0,0.0,0.0,0.0,35000.0,0.0,0.0,0.0,0.0,0.0,0.0,18334.0,0.0,0.0,0.0,0.0,0.0,0.0,195700.0,0.0,0.0,0.0,117,76,97766,119.6735061,77.73663646
Vista,2021,Operation Hope,0.0,251267.0,0.0,0.0,0.0,0.0,0.0,35000.0,0.0,0.0,0.0,0.0,0.0,0.0,18334.0,0.0,0.0,0.0,0.0,0.0,0.0,195700.0,0.0,0.0,0.0,117,76,97766,119.6735061,77.73663646
Vista,2021,Exodus Recovery,0.0,251267.0,0.0,0.0,0.0,0.0,0.0,35000.0,0.0,0.0,0.0,0.0,0.0,0.0,18334.0,0.0,0.0,0.0,0.0,0.0,0.0,195700.0,0.0,0.0,0.0,117,76,97766,119.6735061,77.73663646
Vista,2021,Elderhelp of San Diego,0.0,251267.0,0.0,0.0,0.0,0.0,0.0,35000.0,0.0,0.0,0.0,0.0,0.0,0.0,18334.0,0.0,0.0,0.0,0.0,0.0,0.0,195700.0,0.0,0.0,0.0,117,76,97766,119.6735061,77.73663646
